[{"id": 0, "name": "Electronics", "description": "", "created_at": "1998-05-15 19:52:53", "updated_at": "2000-11-20 08:37:56"}, {"id": 1, "name": "Furniture", "description": "", "created_at": "2019-09-22 15:51:07", "updated_at": "2022-05-18 13:49:28"}, {"id": 2, "name": "Stationery", "description": "", "created_at": "1999-08-14 13:39:27", "updated_at": "2011-06-16 05:00:47"}, {"id": 3, "name": "Clothing", "description": "", "created_at": "1975-12-14 06:58:09", "updated_at": "2011-12-04 21:16:55"}, {"id": 4, "name": "Footwear", "description": "", "created_at": "2019-03-14 13:51:11", "updated_at": "2022-08-18 06:46:48"}, {"id": 5, "name": "Accessories", "description": "", "created_at": "1981-09-27 05:12:23", "updated_at": "2020-08-04 03:55:30"}, {"id": 6, "name": "Home Decor", "description": "", "created_at": "2018-07-19 10:30:43", "updated_at": "2020-10-05 11:48:10"}, {"id": 7, "name": "Kitchenware", "description": "", "created_at": "2017-05-05 01:03:18", "updated_at": "2022-05-12 06:49:31"}, {"id": 8, "name": "Toys", "description": "", "created_at": "2007-08-21 02:32:55", "updated_at": "2011-04-24 05:22:57"}, {"id": 9, "name": "Books", "description": "", "created_at": "2021-09-24 18:52:52", "updated_at": "2023-11-06 09:41:37"}, {"id": 10, "name": "Music", "description": "", "created_at": "1991-08-06 00:36:07", "updated_at": "2019-04-22 14:33:55"}, {"id": 11, "name": "Movies", "description": "", "created_at": "2016-02-06 11:22:38", "updated_at": "2022-09-13 07:24:46"}, {"id": 12, "name": "Video Games", "description": "", "created_at": "2023-11-01 03:22:21", "updated_at": "2024-02-15 00:04:56"}, {"id": 13, "name": "Sports Equipment", "description": "", "created_at": "1990-02-23 10:54:15", "updated_at": "2001-10-14 01:29:08"}, {"id": 14, "name": "Outdoor Gear", "description": "", "created_at": "1974-03-31 10:23:41", "updated_at": "1985-07-25 17:00:26"}, {"id": 15, "name": "Health & Beauty", "description": "", "created_at": "2015-06-28 01:49:38", "updated_at": "2017-09-15 00:00:42"}, {"id": 16, "name": "Personal Care", "description": "", "created_at": "1982-08-02 03:38:41", "updated_at": "1985-10-30 00:31:42"}, {"id": 17, "name": "Groceries", "description": "", "created_at": "1981-08-20 08:56:20", "updated_at": "1990-04-07 20:29:18"}, {"id": 18, "name": "Beverages", "description": "", "created_at": "2010-02-01 23:08:34", "updated_at": "2017-08-17 00:02:54"}, {"id": 19, "name": "Snacks", "description": "", "created_at": "1982-08-27 22:23:41", "updated_at": "2001-07-25 00:42:05"}, {"id": 20, "name": "Pet Supplies", "description": "", "created_at": "1999-08-31 03:51:33", "updated_at": "2014-08-07 14:16:04"}, {"id": 21, "name": "Baby Products", "description": "", "created_at": "2022-08-31 11:46:44", "updated_at": "2024-08-28 06:11:38"}, {"id": 22, "name": "Automotive", "description": "", "created_at": "1972-09-25 17:47:20", "updated_at": "1988-02-12 09:05:23"}, {"id": 23, "name": "Tools", "description": "", "created_at": "1970-08-09 20:31:53", "updated_at": "1974-09-23 08:57:24"}, {"id": 24, "name": "Gardening", "description": "", "created_at": "1984-10-16 08:16:05", "updated_at": "2019-07-11 05:33:27"}, {"id": 25, "name": "Office Supplies", "description": "", "created_at": "1999-12-08 00:18:31", "updated_at": "2013-01-01 00:52:19"}, {"id": 26, "name": "Cleaning Supplies", "description": "", "created_at": "1998-11-01 03:47:49", "updated_at": "2023-09-09 00:39:34"}, {"id": 27, "name": "Party Supplies", "description": "", "created_at": "1977-07-17 11:32:45", "updated_at": "1993-11-23 07:16:42"}, {"id": 28, "name": "Craft Supplies", "description": "", "created_at": "1983-12-04 23:29:18", "updated_at": "2006-10-22 08:34:15"}, {"id": 29, "name": "Art Supplies", "description": "", "created_at": "2003-09-29 21:57:11", "updated_at": "2007-03-21 19:33:53"}, {"id": 30, "name": "Jewelry", "description": "", "created_at": "1986-04-19 03:29:45", "updated_at": "1994-03-16 01:11:02"}, {"id": 31, "name": "Watches", "description": "", "created_at": "2007-12-04 23:42:24", "updated_at": "2009-08-29 04:52:17"}, {"id": 32, "name": "Bags", "description": "", "created_at": "1986-06-05 03:49:49", "updated_at": "2004-06-13 03:20:14"}, {"id": 33, "name": "Luggage", "description": "", "created_at": "1999-04-30 12:45:38", "updated_at": "2008-03-05 06:57:57"}, {"id": 34, "name": "Travel Accessories", "description": "", "created_at": "2010-04-18 02:32:12", "updated_at": "2019-01-22 09:09:33"}, {"id": 35, "name": "Fitness Equipment", "description": "", "created_at": "1983-10-05 19:56:18", "updated_at": "2013-11-28 08:51:09"}, {"id": 36, "name": "Medical Supplies", "description": "", "created_at": "2018-07-19 22:36:29", "updated_at": "2023-03-27 16:26:45"}, {"id": 37, "name": "Safety Equipment", "description": "", "created_at": "1994-06-30 17:07:16", "updated_at": "1996-04-25 13:13:04"}, {"id": 38, "name": "Building Materials", "description": "", "created_at": "2008-06-25 16:29:45", "updated_at": "2018-11-07 00:35:56"}, {"id": 39, "name": "Plumbing Supplies", "description": "", "created_at": "1987-05-06 22:07:06", "updated_at": "2008-11-10 03:26:09"}, {"id": 40, "name": "Electrical Supplies", "description": "", "created_at": "1994-08-02 02:33:01", "updated_at": "2022-09-11 11:16:54"}, {"id": 41, "name": "Lighting", "description": "", "created_at": "2006-05-21 16:04:36", "updated_at": "2016-02-08 05:54:59"}, {"id": 42, "name": "HVAC", "description": "", "created_at": "2022-04-04 19:26:23", "updated_at": "2022-09-05 09:43:32"}, {"id": 43, "name": "Paint", "description": "", "created_at": "1982-03-28 20:28:52", "updated_at": "1988-09-10 05:46:51"}, {"id": 44, "name": "Hardware", "description": "", "created_at": "2001-12-12 19:35:26", "updated_at": "2012-03-03 21:06:48"}, {"id": 45, "name": "Fasteners", "description": "", "created_at": "1996-02-16 22:53:14", "updated_at": "2023-02-27 16:19:11"}, {"id": 46, "name": "Adhesives", "description": "", "created_at": "1993-03-09 14:42:53", "updated_at": "2019-11-05 04:53:32"}, {"id": 47, "name": "Sealants", "description": "", "created_at": "1991-08-29 08:38:27", "updated_at": "1993-12-25 16:36:46"}, {"id": 48, "name": "Lubricants", "description": "", "created_at": "1988-05-24 08:00:59", "updated_at": "1991-11-29 21:42:37"}, {"id": 49, "name": "Packaging Supplies", "description": "", "created_at": "1973-05-24 13:28:07", "updated_at": "1989-12-07 19:22:03"}, {"id": 50, "name": "Shipping Supplies", "description": "", "created_at": "2005-10-19 19:45:01", "updated_at": "2023-02-12 16:39:29"}, {"id": 51, "name": "Industrial Equipment", "description": "", "created_at": "2001-09-06 06:31:40", "updated_at": "2008-03-03 00:45:07"}, {"id": 52, "name": "Machinery", "description": "", "created_at": "2008-02-15 06:07:44", "updated_at": "2022-08-15 21:57:36"}, {"id": 53, "name": "Agricultural Supplies", "description": "", "created_at": "2019-09-17 09:55:57", "updated_at": "2020-10-04 10:07:07"}, {"id": 54, "name": "Livestock Supplies", "description": "", "created_at": "1983-10-24 00:49:32", "updated_at": "1999-11-27 16:30:35"}, {"id": 55, "name": "Fishing Gear", "description": "", "created_at": "1992-07-30 10:37:55", "updated_at": "2002-01-21 13:47:11"}, {"id": 56, "name": "Hunting Gear", "description": "", "created_at": "2000-03-27 11:49:53", "updated_at": "2011-11-21 07:18:01"}, {"id": 57, "name": "Camping Gear", "description": "", "created_at": "1981-06-28 10:11:49", "updated_at": "2023-04-26 15:24:07"}, {"id": 58, "name": "Cycling Gear", "description": "", "created_at": "1989-07-15 04:31:43", "updated_at": "2014-01-31 06:07:23"}, {"id": 59, "name": "Motorcycle Gear", "description": "", "created_at": "1993-06-02 13:44:03", "updated_at": "2022-04-30 14:37:20"}, {"id": 60, "name": "Marine Supplies", "description": "", "created_at": "2002-08-27 08:49:15", "updated_at": "2007-07-08 17:01:29"}, {"id": 61, "name": "Aviation Supplies", "description": "", "created_at": "1994-08-11 01:27:10", "updated_at": "2023-11-04 21:00:55"}, {"id": 62, "name": "Railroad Supplies", "description": "", "created_at": "2016-06-14 00:48:56", "updated_at": "2024-03-23 00:52:29"}, {"id": 63, "name": "Construction Equipment", "description": "", "created_at": "1972-01-02 17:46:33", "updated_at": "2012-10-27 03:51:43"}, {"id": 64, "name": "Mining Equipment", "description": "", "created_at": "2024-05-06 01:17:04", "updated_at": "2024-08-06 03:06:36"}, {"id": 65, "name": "Forestry Equipment", "description": "", "created_at": "2013-08-26 21:38:12", "updated_at": "2016-07-20 17:18:35"}, {"id": 66, "name": "Oil & Gas Equipment", "description": "", "created_at": "2002-07-29 14:57:38", "updated_at": "2006-10-16 01:42:46"}, {"id": 67, "name": "Renewable Energy Equipment", "description": "", "created_at": "1996-08-21 22:08:36", "updated_at": "2016-12-16 12:49:29"}, {"id": 68, "name": "Laboratory Equipment", "description": "", "created_at": "2004-04-21 22:36:50", "updated_at": "2019-04-02 23:40:22"}, {"id": 69, "name": "Scientific Instruments", "description": "", "created_at": "2001-05-17 22:43:08", "updated_at": "2007-08-17 07:46:19"}, {"id": 70, "name": "Educational Supplies", "description": "", "created_at": "2018-04-07 18:13:40", "updated_at": "2020-10-04 11:55:52"}, {"id": 71, "name": "Musical Instruments", "description": "", "created_at": "2012-07-01 11:31:08", "updated_at": "2016-02-22 13:08:50"}, {"id": 72, "name": "Sound Equipment", "description": "", "created_at": "1989-01-20 13:27:55", "updated_at": "2020-09-17 14:13:40"}, {"id": 73, "name": "Recording Equipment", "description": "", "created_at": "2006-11-25 21:43:02", "updated_at": "2023-10-16 12:17:10"}, {"id": 74, "name": "Broadcast Equipment", "description": "", "created_at": "2002-01-16 21:05:24", "updated_at": "2003-05-06 22:58:01"}, {"id": 75, "name": "Photography Equipment", "description": "", "created_at": "1978-08-24 14:51:06", "updated_at": "1986-02-23 05:52:41"}, {"id": 76, "name": "Video Equipment", "description": "", "created_at": "2018-02-25 10:24:48", "updated_at": "2021-11-02 04:22:41"}, {"id": 77, "name": "Surveillance Equipment", "description": "", "created_at": "1979-08-31 16:29:57", "updated_at": "1983-12-18 03:19:09"}, {"id": 78, "name": "Security Equipment", "description": "", "created_at": "2024-04-09 19:35:34", "updated_at": "2024-04-24 06:31:11"}, {"id": 79, "name": "Fire Safety Equipment", "description": "", "created_at": "2006-12-23 12:15:08", "updated_at": "2023-09-25 07:21:00"}, {"id": 80, "name": "Emergency Supplies", "description": "", "created_at": "1981-04-25 18:19:35", "updated_at": "2002-02-14 02:16:19"}, {"id": 81, "name": "Disaster Preparedness", "description": "", "created_at": "1979-10-26 06:07:12", "updated_at": "1990-12-18 06:38:25"}, {"id": 82, "name": "Military Supplies", "description": "", "created_at": "2002-02-17 01:54:25", "updated_at": "2006-02-26 08:20:38"}, {"id": 83, "name": "Law Enforcement Supplies", "description": "", "created_at": "1979-12-08 11:20:28", "updated_at": "1987-01-06 04:09:12"}, {"id": 84, "name": "Correctional Supplies", "description": "", "created_at": "1978-05-31 14:10:05", "updated_at": "2024-02-11 05:44:16"}, {"id": 85, "name": "Judicial Supplies", "description": "", "created_at": "2004-10-11 08:35:13", "updated_at": "2013-02-02 19:22:05"}, {"id": 86, "name": "Government Supplies", "description": "", "created_at": "2019-03-22 07:37:15", "updated_at": "2024-03-04 04:35:11"}, {"id": 87, "name": "Public Safety Supplies", "description": "", "created_at": "1990-07-02 10:47:56", "updated_at": "2023-04-10 23:12:44"}, {"id": 88, "name": "Transportation Equipment", "description": "", "created_at": "1997-08-30 15:39:18", "updated_at": "2003-07-26 12:51:26"}, {"id": 89, "name": "Logistics Equipment", "description": "", "created_at": "2011-11-20 10:58:26", "updated_at": "2011-12-07 23:39:19"}, {"id": 90, "name": "Warehousing Equipment", "description": "", "created_at": "1973-06-09 10:05:23", "updated_at": "1976-02-06 17:02:56"}, {"id": 91, "name": "Material Handling Equipment", "description": "", "created_at": "1985-07-31 21:46:26", "updated_at": "1992-08-10 04:27:51"}, {"id": 92, "name": "Packaging Equipment", "description": "", "created_at": "2008-06-17 01:44:00", "updated_at": "2023-05-30 18:21:13"}, {"id": 93, "name": "Printing Equipment", "description": "", "created_at": "2012-03-06 22:09:17", "updated_at": "2018-07-13 12:52:31"}, {"id": 94, "name": "Publishing Supplies", "description": "", "created_at": "1993-05-12 20:56:16", "updated_at": "2011-12-08 23:03:40"}, {"id": 95, "name": "Advertising Supplies", "description": "", "created_at": "1993-07-20 12:43:55", "updated_at": "2023-05-15 19:53:16"}, {"id": 96, "name": "Promotional Supplies", "description": "", "created_at": "2008-10-20 01:38:45", "updated_at": "2019-02-05 00:46:54"}, {"id": 97, "name": "Event Supplies", "description": "", "created_at": "2018-01-21 00:22:05", "updated_at": "2020-01-09 13:32:09"}, {"id": 98, "name": "Exhibition Supplies", "description": "", "created_at": "2013-10-25 14:23:22", "updated_at": "2022-09-10 07:46:27"}, {"id": 99, "name": "Trade Show Supplies", "description": "", "created_at": "2016-05-25 10:50:09", "updated_at": "2017-08-06 06:39:30"}]