[{"id": 0, "name": "Laptop", "description": "", "created_at": "2001-11-02 23:02:40", "updated_at": "2008-07-01 04:09:17"}, {"id": 1, "name": "Desktop", "description": "", "created_at": "1993-07-28 13:43:32", "updated_at": "2022-05-12 08:54:35"}, {"id": 2, "name": "Tablet", "description": "", "created_at": "1977-05-01 00:05:04", "updated_at": "2001-04-14 02:41:59"}, {"id": 3, "name": "Smartphone", "description": "", "created_at": "2014-08-23 03:26:57", "updated_at": "2017-09-20 11:51:15"}, {"id": 4, "name": "Smartwatch", "description": "", "created_at": "1978-11-15 07:09:07", "updated_at": "2000-04-27 16:58:55"}, {"id": 5, "name": "Headphones", "description": "", "created_at": "1995-07-05 08:05:05", "updated_at": "2010-02-04 10:11:54"}, {"id": 6, "name": "Speakers", "description": "", "created_at": "2018-01-08 04:18:34", "updated_at": "2019-10-23 04:40:53"}, {"id": 7, "name": "Camera", "description": "", "created_at": "2005-08-14 13:40:58", "updated_at": "2024-04-12 09:31:55"}, {"id": 8, "name": "Printer", "description": "", "created_at": "1975-10-16 03:43:45", "updated_at": "2024-03-07 22:30:19"}, {"id": 9, "name": "Scanner", "description": "", "created_at": "1995-04-29 16:33:32", "updated_at": "2020-07-11 22:04:08"}, {"id": 10, "name": "Monitor", "description": "", "created_at": "1994-03-04 01:27:39", "updated_at": "2016-02-29 23:42:56"}, {"id": 11, "name": "Keyboard", "description": "", "created_at": "2023-02-23 21:30:47", "updated_at": "2023-11-16 12:16:12"}, {"id": 12, "name": "Mouse", "description": "", "created_at": "2006-08-26 04:20:19", "updated_at": "2007-06-05 14:50:58"}, {"id": 13, "name": "Router", "description": "", "created_at": "1991-12-28 07:55:14", "updated_at": "2006-05-23 05:12:19"}, {"id": 14, "name": "Modem", "description": "", "created_at": "1983-07-21 15:57:28", "updated_at": "2019-01-23 02:33:51"}, {"id": 15, "name": "External Hard Drive", "description": "", "created_at": "1970-08-09 15:03:12", "updated_at": "1999-12-03 23:36:46"}, {"id": 16, "name": "USB Flash Drive", "description": "", "created_at": "2015-10-11 11:11:31", "updated_at": "2020-09-25 10:24:08"}, {"id": 17, "name": "Memory Card", "description": "", "created_at": "1982-12-13 01:02:12", "updated_at": "1991-02-02 18:03:07"}, {"id": 18, "name": "Charger", "description": "", "created_at": "2010-01-01 22:07:31", "updated_at": "2016-11-13 05:01:22"}, {"id": 19, "name": "Battery", "description": "", "created_at": "1972-09-24 09:24:20", "updated_at": "2019-06-05 01:26:08"}, {"id": 20, "name": "Television", "description": "", "created_at": "2019-11-23 12:31:29", "updated_at": "2022-12-12 23:02:23"}, {"id": 21, "name": "Projector", "description": "", "created_at": "2009-12-03 07:32:52", "updated_at": "2018-04-10 07:10:55"}, {"id": 22, "name": "Blu-ray Player", "description": "", "created_at": "2012-08-02 03:26:04", "updated_at": "2023-07-11 05:27:58"}, {"id": 23, "name": "DVD Player", "description": "", "created_at": "1984-05-21 01:44:33", "updated_at": "1997-06-17 07:47:45"}, {"id": 24, "name": "Game Console", "description": "", "created_at": "1971-12-27 22:44:07", "updated_at": "1994-12-07 02:49:41"}, {"id": 25, "name": "VR Headset", "description": "", "created_at": "1986-04-18 14:24:31", "updated_at": "2001-01-14 14:42:17"}, {"id": 26, "name": "Fitness Tracker", "description": "", "created_at": "1982-01-04 06:27:30", "updated_at": "2016-12-26 10:25:27"}, {"id": 27, "name": "Smart Home Hub", "description": "", "created_at": "1972-01-24 21:09:02", "updated_at": "1999-05-14 07:31:28"}, {"id": 28, "name": "Smart Light", "description": "", "created_at": "1984-01-01 02:49:37", "updated_at": "1993-02-07 14:09:25"}, {"id": 29, "name": "Smart Thermostat", "description": "", "created_at": "2024-08-16 06:48:56", "updated_at": "2024-09-03 12:44:47"}, {"id": 30, "name": "Smart Lock", "description": "", "created_at": "2014-10-10 01:26:38", "updated_at": "2018-07-26 20:15:40"}, {"id": 31, "name": "Smart Doorbell", "description": "", "created_at": "1996-01-09 01:09:17", "updated_at": "1998-02-26 00:42:49"}, {"id": 32, "name": "Security Camera", "description": "", "created_at": "1974-10-14 21:43:17", "updated_at": "2021-02-22 08:40:57"}, {"id": 33, "name": "Drone", "description": "", "created_at": "2012-06-22 18:00:08", "updated_at": "2018-06-30 18:26:15"}, {"id": 34, "name": "3D Printer", "description": "", "created_at": "2006-12-19 18:07:49", "updated_at": "2021-11-27 04:18:18"}, {"id": 35, "name": "Wearable Camera", "description": "", "created_at": "1975-09-23 06:50:39", "updated_at": "2006-07-06 07:30:13"}, {"id": 36, "name": "Action Camera", "description": "", "created_at": "1991-03-07 21:24:14", "updated_at": "1996-05-21 22:57:07"}, {"id": 37, "name": "Digital Frame", "description": "", "created_at": "1998-02-13 21:22:45", "updated_at": "2019-01-05 08:35:45"}, {"id": 38, "name": "E-Reader", "description": "", "created_at": "2002-04-30 20:15:07", "updated_at": "2013-03-03 21:08:57"}, {"id": 39, "name": "Portable Speaker", "description": "", "created_at": "2021-09-26 17:51:38", "updated_at": "2022-07-01 20:00:14"}, {"id": 40, "name": "Soundbar", "description": "", "created_at": "2004-07-06 13:14:24", "updated_at": "2019-09-15 08:54:45"}, {"id": 41, "name": "Home Theater System", "description": "", "created_at": "2010-06-22 08:59:17", "updated_at": "2020-05-17 04:53:31"}, {"id": 42, "name": "Bluetooth Adapter", "description": "", "created_at": "2011-03-16 00:50:21", "updated_at": "2014-10-28 15:53:00"}, {"id": 43, "name": "Network Switch", "description": "", "created_at": "1979-12-26 04:39:16", "updated_at": "2018-04-04 00:23:17"}, {"id": 44, "name": "Access Point", "description": "", "created_at": "1976-06-21 09:33:55", "updated_at": "1993-11-25 13:03:09"}, {"id": 45, "name": "Power Bank", "description": "", "created_at": "2007-02-17 04:56:13", "updated_at": "2013-06-24 00:29:39"}, {"id": 46, "name": "Surge Protector", "description": "", "created_at": "2000-10-30 13:13:22", "updated_at": "2010-04-26 13:31:42"}, {"id": 47, "name": "Extension Cord", "description": "", "created_at": "2013-06-18 19:22:59", "updated_at": "2018-02-04 23:47:39"}, {"id": 48, "name": "Cable Organizer", "description": "", "created_at": "2016-09-09 22:32:43", "updated_at": "2022-09-01 19:04:50"}, {"id": 49, "name": "Laptop Stand", "description": "", "created_at": "2006-08-17 20:27:50", "updated_at": "2013-04-30 08:34:57"}, {"id": 50, "name": "Monitor Stand", "description": "", "created_at": "1994-07-12 03:11:17", "updated_at": "1996-01-29 20:13:06"}, {"id": 51, "name": "Desk Lamp", "description": "", "created_at": "2016-11-07 09:52:31", "updated_at": "2023-05-20 19:42:06"}, {"id": 52, "name": "Office Chair", "description": "", "created_at": "1973-04-01 08:13:16", "updated_at": "2001-09-13 08:45:05"}, {"id": 53, "name": "Standing Desk", "description": "", "created_at": "1995-12-26 09:52:19", "updated_at": "2005-02-23 11:34:43"}, {"id": 54, "name": "Filing Cabinet", "description": "", "created_at": "1983-09-02 13:53:11", "updated_at": "2001-11-22 21:01:16"}, {"id": 55, "name": "Bookshelf", "description": "", "created_at": "1991-12-26 13:08:14", "updated_at": "2024-08-09 06:23:09"}, {"id": 56, "name": "Whiteboard", "description": "", "created_at": "2005-03-04 19:48:18", "updated_at": "2015-05-23 18:12:38"}, {"id": 57, "name": "Corkboard", "description": "", "created_at": "1980-11-02 08:21:16", "updated_at": "2002-07-01 20:38:41"}, {"id": 58, "name": "Desk Organizer", "description": "", "created_at": "1978-02-10 19:37:08", "updated_at": "1992-12-02 18:43:33"}, {"id": 59, "name": "Pen Holder", "description": "", "created_at": "1978-12-07 14:23:24", "updated_at": "2014-11-15 18:21:45"}, {"id": 60, "name": "Stapler", "description": "", "created_at": "2011-10-27 00:09:50", "updated_at": "2013-05-20 09:09:26"}, {"id": 61, "name": "Paper Shredder", "description": "", "created_at": "1973-06-02 04:29:26", "updated_at": "2022-04-29 22:08:23"}, {"id": 62, "name": "Label Maker", "description": "", "created_at": "1986-01-29 15:49:52", "updated_at": "2008-08-29 19:41:58"}, {"id": 63, "name": "Laminator", "description": "", "created_at": "2005-11-18 17:16:01", "updated_at": "2011-12-17 21:21:23"}, {"id": 64, "name": "Binding Machine", "description": "", "created_at": "1982-01-28 18:26:49", "updated_at": "2015-10-27 05:26:58"}, {"id": 65, "name": "Paper Cutter", "description": "", "created_at": "2016-12-27 13:15:47", "updated_at": "2017-10-19 20:12:43"}, {"id": 66, "name": "Hole Punch", "description": "", "created_at": "1996-08-26 05:29:35", "updated_at": "2021-04-14 04:25:42"}, {"id": 67, "name": "Clipboard", "description": "", "created_at": "1989-11-22 10:26:03", "updated_at": "2016-03-16 05:32:00"}, {"id": 68, "name": "Calculator", "description": "", "created_at": "1999-05-12 03:14:19", "updated_at": "2000-03-22 11:46:05"}, {"id": 69, "name": "Notebook", "description": "", "created_at": "1981-03-24 13:45:58", "updated_at": "2022-01-08 11:39:08"}, {"id": 70, "name": "Planner", "description": "", "created_at": "2007-05-12 08:39:51", "updated_at": "2013-10-09 00:30:10"}, {"id": 71, "name": "Sticky Notes", "description": "", "created_at": "1984-12-14 02:06:28", "updated_at": "2001-03-07 05:52:50"}, {"id": 72, "name": "Highlighter", "description": "", "created_at": "1991-12-15 01:12:02", "updated_at": "2023-02-25 23:43:19"}, {"id": 73, "name": "Marker", "description": "", "created_at": "1995-01-17 20:28:53", "updated_at": "1995-04-22 19:23:23"}, {"id": 74, "name": "Pen", "description": "", "created_at": "2016-11-10 20:45:13", "updated_at": "2023-10-13 08:20:32"}, {"id": 75, "name": "Pencil", "description": "", "created_at": "2001-04-11 15:06:13", "updated_at": "2012-03-15 11:59:55"}, {"id": 76, "name": "Eraser", "description": "", "created_at": "2001-10-19 21:06:06", "updated_at": "2015-01-20 04:30:01"}, {"id": 77, "name": "Ruler", "description": "", "created_at": "1971-03-06 17:50:27", "updated_at": "1973-01-20 14:42:38"}, {"id": 78, "name": "Scissors", "description": "", "created_at": "2022-08-24 15:05:00", "updated_at": "2022-11-23 15:27:01"}, {"id": 79, "name": "Tape Dispenser", "description": "", "created_at": "1999-11-06 15:52:32", "updated_at": "2018-11-19 20:01:30"}, {"id": 80, "name": "Glue Stick", "description": "", "created_at": "2016-05-06 10:30:11", "updated_at": "2021-07-04 03:12:36"}, {"id": 81, "name": "Binder", "description": "", "created_at": "1970-06-02 05:42:36", "updated_at": "1998-08-24 07:36:00"}, {"id": 82, "name": "Folder", "description": "", "created_at": "2023-03-23 01:12:29", "updated_at": "2024-01-16 20:39:48"}, {"id": 83, "name": "Envelope", "description": "", "created_at": "2017-12-22 12:56:15", "updated_at": "2021-08-15 00:40:04"}, {"id": 84, "name": "Mailing Tube", "description": "", "created_at": "1999-01-06 19:02:39", "updated_at": "2021-08-15 17:18:09"}, {"id": 85, "name": "Packing Tape", "description": "", "created_at": "2019-04-18 09:07:50", "updated_at": "2021-02-12 20:24:16"}, {"id": 86, "name": "Bubble Wrap", "description": "", "created_at": "1977-08-17 19:19:02", "updated_at": "1982-12-27 15:46:31"}, {"id": 87, "name": "Shipping Label", "description": "", "created_at": "1992-03-04 21:39:05", "updated_at": "2015-01-26 12:35:54"}, {"id": 88, "name": "Postage Scale", "description": "", "created_at": "2009-07-19 08:42:14", "updated_at": "2020-08-31 22:35:41"}, {"id": 89, "name": "Mail Sorter", "description": "", "created_at": "1999-08-31 14:38:47", "updated_at": "2014-03-11 18:41:11"}, {"id": 90, "name": "Letter Opener", "description": "", "created_at": "1979-04-28 07:10:00", "updated_at": "2007-09-01 16:47:56"}, {"id": 91, "name": "Stamp", "description": "", "created_at": "1978-09-12 15:08:07", "updated_at": "2009-12-06 16:17:26"}, {"id": 92, "name": "Ink Cartridge", "description": "", "created_at": "1985-01-26 15:08:02", "updated_at": "1996-04-05 00:09:58"}, {"id": 93, "name": "Toner Cartridge", "description": "", "created_at": "1970-12-09 17:49:06", "updated_at": "1975-09-25 18:00:16"}, {"id": 94, "name": "Paper Tray", "description": "", "created_at": "1994-05-30 00:49:38", "updated_at": "2006-10-20 23:11:29"}, {"id": 95, "name": "Document Holder", "description": "", "created_at": "2004-01-30 07:55:54", "updated_at": "2010-02-04 14:42:59"}, {"id": 96, "name": "Monitor Arm", "description": "", "created_at": "1996-01-28 19:06:39", "updated_at": "1998-06-02 12:29:02"}, {"id": 97, "name": "Keyboard Tray", "description": "", "created_at": "2019-12-14 08:15:19", "updated_at": "2021-01-05 07:53:25"}, {"id": 98, "name": "Mouse Pad", "description": "", "created_at": "1998-06-07 22:24:05", "updated_at": "2003-09-07 07:46:39"}, {"id": 99, "name": "Wrist Rest", "description": "", "created_at": "2023-03-16 11:54:38", "updated_at": "2023-12-02 07:01:00"}]