[{"id": 1, "code": "YQZZNL56", "name": "Heemskerk cargo hub", "address": "Karlijndreef 281", "zip": "4002 AS", "city": "Heemskerk", "province": "Friesland", "country": "NL", "contact": {"name": "Fem Keijzer", "phone": "(078) 0013363", "email": "blamore@example.net"}, "created_at": "1983-04-13 04:59:55", "updated_at": "2007-02-08 20:11:00"}, {"id": 2, "code": "GIOMNL90", "name": "Petten longterm hub", "address": "Owenweg 731", "zip": "4615 RB", "city": "Petten", "province": "Noord-Holland", "country": "NL", "contact": {"name": "Maud Adryaens", "phone": "+31836 752702", "email": "nickteunissen@example.com"}, "created_at": "2008-02-22 19:55:39", "updated_at": "2009-08-28 23:15:50"}, {"id": 3, "code": "VCKINLLK", "name": "Naaldwijk distribution hub", "address": "Izesteeg 807", "zip": "1636 KI", "city": "Naaldwijk", "province": "Utrecht", "country": "NL", "contact": {"name": "Frederique van Wallaert", "phone": "(009) 4870289", "email": "jelle66@example.net"}, "created_at": "2001-05-11 10:43:52", "updated_at": "2017-12-19 14:32:38"}, {"id": 4, "code": "IPJMNLSY", "name": "Bosch en Duin storage location", "address": "Fabianweg 71", "zip": "5701 IA", "city": "Bosch en Duin", "province": "Flevoland", "country": "NL", "contact": {"name": "Oscar Hemma van Allemani\u00eb-Hoes", "phone": "058 2995479", "email": "suze00@example.org"}, "created_at": "2007-10-19 09:43:20", "updated_at": "2019-11-02 07:30:52"}, {"id": 5, "code": "QAQMNLCL", "name": "Hoogeveen distribution facility", "address": "Noaboulevard 7", "zip": "1735XO", "city": "Hoogeveen", "province": "Zuid-Holland", "country": "NL", "contact": {"name": "Sjoerd Sterkman", "phone": "0943-736616", "email": "imkehermans@example.org"}, "created_at": "2017-11-03 19:21:26", "updated_at": "2023-05-30 16:45:10"}, {"id": 6, "code": "JBDTNLFX", "name": "Loosdrecht longterm center", "address": "Yasminebaan 422", "zip": "8254 IY", "city": "Loosdrecht", "province": "Overijssel", "country": "NL", "contact": {"name": "Joey die Pelser", "phone": "(0930)-760273", "email": "welberts@example.com"}, "created_at": "2018-02-11 22:45:46", "updated_at": "2022-09-19 14:08:52"}, {"id": 7, "code": "ZSLSNL4C", "name": "Obdam distribution facility", "address": "Larshof 775", "zip": "1693NI", "city": "Obdam", "province": "Noord-Brabant", "country": "NL", "contact": {"name": "Michael Ramaker", "phone": "(097) 5523868", "email": "jacepsjulian@example.com"}, "created_at": "1996-07-31 05:51:38", "updated_at": "2017-11-16 02:39:09"}, {"id": 8, "code": "BQHMNLPJ", "name": "Idaerd distribution hub", "address": "Ceylinsteeg 95", "zip": "4742MW", "city": "Idaerd", "province": "Zuid-Holland", "country": "NL", "contact": {"name": "Matthijs Verbeeck", "phone": "+3137-5511465", "email": "jspreeuw@example.org"}, "created_at": "1994-10-07 19:48:40", "updated_at": "2002-01-17 11:16:57"}, {"id": 9, "code": "QRVXNLIF", "name": "Walsoorden air and road location", "address": "Lizalaan 22", "zip": "1950 YO", "city": "Walsoorden", "province": "Noord-Holland", "country": "NL", "contact": {"name": "Sofia Kisman-Gellemeyer", "phone": "+3118-4888384", "email": "jelle43@example.org"}, "created_at": "1998-07-25 20:29:56", "updated_at": "2024-03-17 03:08:13"}, {"id": 10, "code": "HXVLNLIJ", "name": "Wolvega distribution center", "address": "Juleshof 12", "zip": "9646AO", "city": "Wolvega", "province": "Gelderland", "country": "NL", "contact": {"name": "Demi van Cuijck", "phone": "+31(0)64 8859265", "email": "amelie56@example.com"}, "created_at": "1992-10-02 11:55:52", "updated_at": "2019-06-17 00:14:43"}, {"id": 11, "code": "FFCVNLU9", "name": "Stokkum distribution facility", "address": "Ibrahimsingel 6", "zip": "1791LM", "city": "Stokkum", "province": "Flevoland", "country": "NL", "contact": {"name": "Jamie van Bruchem", "phone": "+31(0)563-472814", "email": "lizzvan-duvenvoirde@example.org"}, "created_at": "2001-01-26 13:25:16", "updated_at": "2012-10-14 14:49:08"}, {"id": 12, "code": "QNPUNLGN", "name": "Deelen distribution location", "address": "Izebaan 79", "zip": "4106 KO", "city": "Deelen", "province": "Drenthe", "country": "NL", "contact": {"name": "Yassin van de Noordmark", "phone": "0452-876501", "email": "van-den-broekmadelief@example.org"}, "created_at": "1996-08-14 03:37:20", "updated_at": "2023-03-11 01:27:41"}, {"id": 13, "code": "LWXGNLT1", "name": "Westergeest cargo hub", "address": "Kayleighsteeg 809", "zip": "6733VP", "city": "Westergeest", "province": "Friesland", "country": "NL", "contact": {"name": "Mustafa van Wijk", "phone": "+31(0)50-3205485", "email": "ekwaadland@example.com"}, "created_at": "2010-05-13 04:17:01", "updated_at": "2010-07-16 04:07:24"}, {"id": 14, "code": "KBXWNLJ7", "name": "Meteren longterm center", "address": "Mikaboulevard 6", "zip": "1794GI", "city": "Meteren", "province": "Zuid-Holland", "country": "NL", "contact": {"name": "Zoey Vignon", "phone": "+3193 2060447", "email": "slelijveld@example.net"}, "created_at": "2001-04-28 00:43:39", "updated_at": "2018-07-01 00:54:14"}, {"id": 15, "code": "BWRXNLH6", "name": "Standdaarbuiten longterm facility", "address": "Louisedreef 0", "zip": "5149 RW", "city": "Standdaarbuiten", "province": "Flevoland", "country": "NL", "contact": {"name": "Mette Brandt", "phone": "+31879-728899", "email": "lvan-dooren@example.net"}, "created_at": "1983-07-10 13:29:30", "updated_at": "2020-05-17 04:19:20"}, {"id": 16, "code": "ABASNLBU", "name": "Noardburgum storage facility", "address": "Kaysteeg 840", "zip": "2861KI", "city": "Noardburgum", "province": "Flevoland", "country": "NL", "contact": {"name": "Sepp Emmen-van Kasteelen", "phone": "+31110-372934", "email": "overda@example.com"}, "created_at": "2020-04-07 17:21:39", "updated_at": "2021-10-24 01:09:11"}, {"id": 17, "code": "OPQVNLL7", "name": "Noordwelle storage hub", "address": "Haileysingel 07", "zip": "2338JE", "city": "Noordwelle", "province": "Utrecht", "country": "NL", "contact": {"name": "Amber Zijlemans", "phone": "0159-402718", "email": "van-voorhoutemir@example.com"}, "created_at": "1983-12-15 18:01:30", "updated_at": "1996-09-19 07:49:15"}, {"id": 18, "code": "BSCVNLHR", "name": "Gronsveld longterm facility", "address": "Lisabaan 819", "zip": "3266 NS", "city": "Gronsveld", "province": "Utrecht", "country": "NL", "contact": {"name": "Ivy van Bernicia", "phone": "(0974)-679850", "email": "larakuipers@example.com"}, "created_at": "1977-03-17 12:12:53", "updated_at": "2024-04-26 10:54:05"}, {"id": 19, "code": "IZYONLOQ", "name": "Tzummarum storage center", "address": "Angelinasingel 82", "zip": "1155SC", "city": "Tzummarum", "province": "Zeeland", "country": "NL", "contact": {"name": "Leah Olykan", "phone": "+31(0)881 668554", "email": "vtins@example.com"}, "created_at": "2002-07-04 22:20:12", "updated_at": "2017-11-17 16:11:05"}, {"id": 20, "code": "JLXDNLRH", "name": "Kerkrade distribution facility", "address": "Lucyweg 43", "zip": "2569VO", "city": "Kerkrade", "province": "Flevoland", "country": "NL", "contact": {"name": "Sylvie van Formbach", "phone": "+3169 0640203", "email": "mika45@example.com"}, "created_at": "2007-06-04 21:53:00", "updated_at": "2019-02-27 08:31:40"}, {"id": 21, "code": "QMCCNLD9", "name": "Sittard storage location", "address": "Rensbaan 1", "zip": "9890 LY", "city": "Sittard", "province": "Zeeland", "country": "NL", "contact": {"name": "Lex Louws", "phone": "+31(0)05-4740166", "email": "tinsmia@example.com"}, "created_at": "1989-02-03 23:08:57", "updated_at": "2008-12-03 23:33:50"}, {"id": 22, "code": "BJYCNLYS", "name": "Roderesch distribution hub", "address": "Juliadreef 55", "zip": "6345 BX", "city": "Roderesch", "province": "Friesland", "country": "NL", "contact": {"name": "Rens Jansen-Fechant", "phone": "099-1781807", "email": "le-grandnoor@example.net"}, "created_at": "1970-03-23 07:37:35", "updated_at": "1970-12-26 14:30:51"}, {"id": 23, "code": "PGDWNLWG", "name": "Heeswijk-Dinther longterm hub", "address": "Vigodreef 22", "zip": "5066 GI", "city": "Heeswijk-Dinther", "province": "Friesland", "country": "NL", "contact": {"name": "Lana Schatteleijn", "phone": "+31(0)25-1985675", "email": "xlathrope@example.org"}, "created_at": "1996-03-05 10:05:56", "updated_at": "2002-02-06 08:17:34"}, {"id": 24, "code": "ACBENL3A", "name": "Nieuwehorne distribution hub", "address": "Sofiaweg 913", "zip": "1802 WP", "city": "Nieuwehorne", "province": "Utrecht", "country": "NL", "contact": {"name": "Ben Fortuyn-Schrik", "phone": "+31(0)25-6865349", "email": "riley32@example.com"}, "created_at": "1977-11-17 01:10:40", "updated_at": "1983-05-05 16:17:25"}, {"id": 25, "code": "VWIZNLUF", "name": "Halle cargo center", "address": "Julessingel 5", "zip": "7374 PM", "city": "Halle", "province": "Overijssel", "country": "NL", "contact": {"name": "Bas Scholten", "phone": "+3137-8739738", "email": "sarakuipers@example.com"}, "created_at": "2004-05-16 09:41:47", "updated_at": "2018-01-05 05:33:25"}, {"id": 26, "code": "GPRPNLPT", "name": "Joppe air and road location", "address": "Lucasstraat 3", "zip": "2727 VY", "city": "Joppe", "province": "Flevoland", "country": "NL", "contact": {"name": "Rosa van 't Erve-Berendse", "phone": "(0681) 626416", "email": "van-ommerenjan@example.net"}, "created_at": "2003-03-30 04:14:17", "updated_at": "2019-11-14 08:04:39"}, {"id": 27, "code": "FXJKNL4W", "name": "Nieuwer Ter Aa cargo location", "address": "Stellalaan 2", "zip": "7158 IW", "city": "Nieuwer Ter Aa", "province": "Utrecht", "country": "NL", "contact": {"name": "Lenn de Hoogh-Verbruggen", "phone": "+31021-231813", "email": "sterre34@example.com"}, "created_at": "2008-02-28 21:06:26", "updated_at": "2013-11-06 14:01:58"}, {"id": 28, "code": "UECCNLNT", "name": "Dieverbrug longterm location", "address": "Britthof 445", "zip": "3854OR", "city": "Dieverbrug", "province": "Zuid-Holland", "country": "NL", "contact": {"name": "Liv Mulder", "phone": "+3119-9768344", "email": "ouwerkerkyara@example.net"}, "created_at": "2000-03-12 18:50:47", "updated_at": "2023-11-23 16:46:38"}, {"id": 29, "code": "UBERNLTL", "name": "Einighausen air and road center", "address": "Sophiastraat 1", "zip": "2605WX", "city": "Einighausen", "province": "Flevoland", "country": "NL", "contact": {"name": "Maurits van Doorn", "phone": "+3191 2817485", "email": "jansenevy@example.org"}, "created_at": "1975-10-19 21:04:05", "updated_at": "2005-04-22 23:58:02"}, {"id": 30, "code": "TKHJNLZM", "name": "Zuiddorpe distribution center", "address": "Kayleesteeg 34", "zip": "9163FX", "city": "Zuiddorpe", "province": "Friesland", "country": "NL", "contact": {"name": "Britt Labado", "phone": "0760 793486", "email": "keanovan-der-horst@example.com"}, "created_at": "2023-01-26 17:11:45", "updated_at": "2023-07-13 03:54:28"}, {"id": 31, "code": "JFGQNLZM", "name": "Lichtaard cargo location", "address": "Oscarbaan 0", "zip": "4396 RL", "city": "Lichtaard", "province": "Overijssel", "country": "NL", "contact": {"name": "Nynke Pierson", "phone": "0927-531893", "email": "oheribert-van-laon@example.net"}, "created_at": "1974-11-14 17:13:40", "updated_at": "2020-11-21 08:13:52"}, {"id": 32, "code": "VMYWBEWK", "name": "Itegem longterm hub", "address": "Fransstraat 15", "zip": "2042", "city": "Itegem", "province": "Oost-Vlaanderen", "country": "BE", "contact": {"name": "Jana Van Baelen", "phone": "+32(0)93-6351025", "email": "freddy95@example.net"}, "created_at": "1991-01-16 19:20:30", "updated_at": "1995-07-02 04:48:16"}, {"id": 33, "code": "WECRBELD", "name": "Westende longterm hub", "address": "Lindaboulevard 027", "zip": "6194", "city": "Westende", "province": "Oost-Vlaanderen", "country": "BE", "contact": {"name": "Jan Desmedt", "phone": "057-0359147", "email": "marc05@example.net"}, "created_at": "1971-07-12 20:27:49", "updated_at": "1974-09-27 02:25:06"}, {"id": 34, "code": "FLKTBEW4", "name": "Mons distribution facility", "address": "Janweg 9", "zip": "9002", "city": "Mons", "province": "Luxemburg", "country": "BE", "contact": {"name": "Chantal Coene", "phone": "+3268 2640689", "email": "boeckxalain@example.net"}, "created_at": "2024-06-06 02:32:30", "updated_at": "2024-08-21 21:18:33"}, {"id": 35, "code": "VJBCBEIG", "name": "Nobressart distribution hub", "address": "Andreashof 73", "zip": "3023", "city": "Nobressart", "province": "Luxemburg", "country": "BE", "contact": {"name": "Evelien De Bruyne Peeters", "phone": "+32178 271511", "email": "maria54@example.org"}, "created_at": "1982-10-26 03:50:05", "updated_at": "1991-05-07 01:00:26"}, {"id": 36, "code": "NVUVBEBZ", "name": "Hensies longterm facility", "address": "Michelbaan 634", "zip": "6256", "city": "Hensies", "province": "West-Vlaanderen", "country": "BE", "contact": {"name": "Nancy Van de Voorde", "phone": "+32312 051533", "email": "jean04@example.org"}, "created_at": "1987-11-07 11:49:00", "updated_at": "2018-06-09 20:14:26"}, {"id": 37, "code": "XBICBEJ9", "name": "Fontaine-l'Ev\u00eaque storage center", "address": "Eduardstraat 5", "zip": "3122", "city": "Fontaine-l'Ev\u00eaque", "province": "Limburg", "country": "BE", "contact": {"name": "Roger Simons", "phone": "(059)-4911137", "email": "uvervoort@example.org"}, "created_at": "2008-07-09 08:12:26", "updated_at": "2013-10-02 04:00:54"}, {"id": 38, "code": "OJGTBEH8", "name": "Lanaye distribution hub", "address": "Jeanring 018", "zip": "3229", "city": "Lanaye", "province": "Oost-Vlaanderen", "country": "BE", "contact": {"name": "Carlo Simons", "phone": "06 065 45 35", "email": "emielverbeke@example.com"}, "created_at": "2014-08-11 22:50:47", "updated_at": "2017-06-17 12:29:20"}, {"id": 39, "code": "JQUWBEPM", "name": "Cour-sur-Heure longterm center", "address": "Ellenbaan 50", "zip": "6326", "city": "Cour-sur-Heure", "province": "Namen", "country": "BE", "contact": {"name": "Sammy Segers", "phone": "+32(0)46 5073533", "email": "emmadaniels@example.com"}, "created_at": "1987-05-21 10:51:45", "updated_at": "1998-11-01 18:36:14"}, {"id": 40, "code": "ABKMBEPE", "name": "Eigenbilzen air and road location", "address": "Katjasingel 6", "zip": "6986", "city": "Eigenbilzen", "province": "Luxemburg", "country": "BE", "contact": {"name": "Els Smets", "phone": "032 5659440", "email": "xdeleu@example.com"}, "created_at": "2024-05-09 16:07:25", "updated_at": "2024-09-02 08:22:59"}, {"id": 41, "code": "YDPLBEY2", "name": "Hakendover storage hub", "address": "Marcelstraat 5", "zip": "1689", "city": "Hakendover", "province": "Henegouwen", "country": "BE", "contact": {"name": "Lotte Dobbelaere", "phone": "(0441)-027017", "email": "wsanders@example.com"}, "created_at": "1975-07-31 23:56:47", "updated_at": "1996-07-15 01:08:59"}, {"id": 42, "code": "KVLOBEUH", "name": "Mere distribution facility", "address": "Matsdreef 2", "zip": "8491", "city": "Mere", "province": "Luik", "country": "BE", "contact": {"name": "Mike Smeets", "phone": "+32(0)488-011615", "email": "rvermeiren@example.net"}, "created_at": "1990-08-01 05:20:16", "updated_at": "2004-10-02 08:57:08"}, {"id": 43, "code": "YDKGBEPS", "name": "Lens-Saint-Remy air and road facility", "address": "Freddystraat 118", "zip": "9637", "city": "Lens-Saint-Remy", "province": "Namen", "country": "BE", "contact": {"name": "Sam Peeters", "phone": "+32231-246362", "email": "yverhulst@example.com"}, "created_at": "2012-07-06 02:54:52", "updated_at": "2024-02-20 23:54:56"}, {"id": 44, "code": "GWKKBE0Y", "name": "Ch\u00e2telineau storage center", "address": "Birgitlei 2", "zip": "9082", "city": "Ch\u00e2telineau", "province": "Vlaams-Brabant", "country": "BE", "contact": {"name": "Ingrid Daems", "phone": "(003) 9537465", "email": "callensgodelieve@example.org"}, "created_at": "2020-02-11 18:51:46", "updated_at": "2020-05-17 06:40:36"}, {"id": 45, "code": "THHKBEEQ", "name": "Kieldrecht air and road facility", "address": "Rogerdreef 0", "zip": "3128", "city": "Kieldrecht", "province": "Luik", "country": "BE", "contact": {"name": "Peter Vandevelde", "phone": "+32729 166461", "email": "dirk84@example.com"}, "created_at": "2024-05-14 17:07:09", "updated_at": "2024-06-04 02:26:47"}, {"id": 46, "code": "REALBEEJ", "name": "Oekene distribution facility", "address": "Daniellaan 1", "zip": "3711", "city": "Oekene", "province": "Vlaams-Brabant", "country": "BE", "contact": {"name": "Imran Vandendriessche", "phone": "(0532)-905203", "email": "willyverhaeghe@example.com"}, "created_at": "2009-11-15 09:02:25", "updated_at": "2023-04-18 16:05:34"}, {"id": 47, "code": "FDJGBE9H", "name": "Chanly air and road center", "address": "Marinaring 92", "zip": "2605", "city": "Chanly", "province": "Namen", "country": "BE", "contact": {"name": "Bjorn Van Hecke", "phone": "+32(0)725 516583", "email": "kenismaria@example.com"}, "created_at": "2014-05-29 09:23:40", "updated_at": "2015-05-04 11:11:03"}, {"id": 48, "code": "UQOJDEE9", "name": "Gie\u00dfen distribution location", "address": "Wellerallee 3/7", "zip": "84526", "city": "Gie\u00dfen", "province": "Hamburg", "country": "DE", "contact": {"name": "Anto Kambs", "phone": "00189 385803", "email": "adlerrosalinde@example.com"}, "created_at": "1990-11-17 01:06:55", "updated_at": "2008-04-09 14:26:34"}, {"id": 49, "code": "LXXCDES7", "name": "Sankt Goarshausen longterm facility", "address": "Pruschkestr. 1", "zip": "69463", "city": "Sankt Goarshausen", "province": "Bremen", "country": "DE", "contact": {"name": "Dr. Arno Winkler B.Sc.", "phone": "+49(0)1144615012", "email": "nerminladeck@example.com"}, "created_at": "2008-04-20 11:50:13", "updated_at": "2024-03-28 22:17:37"}, {"id": 50, "code": "UXRKDE29", "name": "Badoberan longterm facility", "address": "Vollbrechtstr. 847", "zip": "74501", "city": "Badoberan", "province": "Niedersachsen", "country": "DE", "contact": {"name": "Reinhart Klemt", "phone": "+49(0)3215 856979", "email": "rochushentschel@example.net"}, "created_at": "2003-02-13 06:56:58", "updated_at": "2013-12-22 20:08:54"}, {"id": 51, "code": "OXOMDE7A", "name": "Wernigerode storage hub", "address": "Heidemarie-Birnbaum-Ring 4/3", "zip": "61818", "city": "Wernigerode", "province": "Brandenburg", "country": "DE", "contact": {"name": "Eleni Zimmer-Henschel", "phone": "04398 496300", "email": "beckertuelay@example.com"}, "created_at": "1976-08-10 06:59:29", "updated_at": "2014-07-01 07:33:54"}, {"id": 52, "code": "OCVODE54", "name": "Stollberg air and road center", "address": "Rene-Schmiedt-Allee 11", "zip": "01625", "city": "Stollberg", "province": "Nordrhein-Westfalen", "country": "DE", "contact": {"name": "Rebekka Geisler B.Sc.", "phone": "06230538431", "email": "yheydrich@example.org"}, "created_at": "2000-04-22 11:28:17", "updated_at": "2012-08-07 16:01:14"}, {"id": 53, "code": "LERPDE9L", "name": "Neustadtner Waldnaab distribution center", "address": "Franz-Peter-Hettner-Allee 6", "zip": "39261", "city": "Neustadtner Waldnaab", "province": "Sachsen", "country": "DE", "contact": {"name": "Frau Ayten Haering MBA.", "phone": "05773 584153", "email": "isabellewulff@example.net"}, "created_at": "2005-01-29 06:28:53", "updated_at": "2013-11-27 15:40:01"}, {"id": 54, "code": "BAADDEXK", "name": "Regensburg cargo center", "address": "Birgitt-Scholtz-Allee 46", "zip": "35725", "city": "Regensburg", "province": "Hamburg", "country": "DE", "contact": {"name": "Prof. Janet Sager", "phone": "03888522177", "email": "doerschnerwenke@example.com"}, "created_at": "2009-06-14 21:02:25", "updated_at": "2010-06-27 09:44:40"}, {"id": 55, "code": "IUVSDETG", "name": "Waldm\u00fcnchen longterm center", "address": "Gabriele-Junken-Ring 5/1", "zip": "35099", "city": "Waldm\u00fcnchen", "province": "Brandenburg", "country": "DE", "contact": {"name": "Bozena Steckel", "phone": "(08587) 18542", "email": "adolfinehentschel@example.net"}, "created_at": "2006-08-31 03:38:40", "updated_at": "2010-04-26 18:16:09"}, {"id": 56, "code": "BOYUDE7O", "name": "Pasewalk longterm location", "address": "Konrad-Seip-Allee 66", "zip": "49888", "city": "Pasewalk", "province": "Nordrhein-Westfalen", "country": "DE", "contact": {"name": "Ullrich Beier", "phone": "+49(0)8660 573483", "email": "vbarkholz@example.com"}, "created_at": "1979-10-03 07:33:35", "updated_at": "1993-08-05 16:12:41"}, {"id": 57, "code": "MOOODEEX", "name": "Bischofswerda longterm facility", "address": "Melissa-Bauer-Ring 1/7", "zip": "37727", "city": "Bischofswerda", "province": "Nordrhein-Westfalen", "country": "DE", "contact": {"name": "Uwe Lindau", "phone": "(06380) 715579", "email": "ilse44@example.org"}, "created_at": "1984-05-11 19:24:11", "updated_at": "2022-06-19 14:32:50"}, {"id": 58, "code": "WJKADEJE", "name": "Holzminden air and road hub", "address": "Sibilla-Hendriks-Gasse 5/8", "zip": "05955", "city": "Holzminden", "province": "Saarland", "country": "DE", "contact": {"name": "Mirco Warmer", "phone": "+49(0)0048791642", "email": "katjaklotz@example.net"}, "created_at": "1974-04-03 11:24:15", "updated_at": "2021-12-08 15:59:38"}]