[{"id": 0, "name": "Tech Gadgets", "description": "", "created_at": "2022-08-18 07:05:25", "updated_at": "2023-05-15 15:44:28"}, {"id": 1, "name": "Home Appliances", "description": "", "created_at": "1979-01-16 07:07:50", "updated_at": "2024-01-05 23:53:25"}, {"id": 2, "name": "Office Supplies", "description": "", "created_at": "2009-07-18 08:13:40", "updated_at": "2020-01-12 14:32:49"}, {"id": 3, "name": "Fashion", "description": "", "created_at": "1990-01-04 22:40:49", "updated_at": "2003-05-17 08:21:43"}, {"id": 4, "name": "Footwear", "description": "", "created_at": "1975-09-05 04:16:40", "updated_at": "2014-06-06 23:07:38"}, {"id": 5, "name": "Accessories", "description": "", "created_at": "2015-01-22 15:52:45", "updated_at": "2018-02-04 11:31:03"}, {"id": 6, "name": "Home Decor", "description": "", "created_at": "1996-02-26 14:56:24", "updated_at": "1996-05-04 13:58:53"}, {"id": 7, "name": "Kitchen Essentials", "description": "", "created_at": "1982-03-16 12:50:40", "updated_at": "2022-11-11 10:44:56"}, {"id": 8, "name": "Toys & Games", "description": "", "created_at": "2013-10-18 01:03:16", "updated_at": "2020-01-27 16:46:53"}, {"id": 9, "name": "Books & Literature", "description": "", "created_at": "1974-09-16 09:01:13", "updated_at": "1989-07-08 23:40:41"}, {"id": 10, "name": "Music & Instruments", "description": "", "created_at": "2003-01-23 19:28:05", "updated_at": "2010-06-17 10:46:45"}, {"id": 11, "name": "Movies & Entertainment", "description": "", "created_at": "2001-04-30 23:08:15", "updated_at": "2009-05-18 13:02:24"}, {"id": 12, "name": "Video Games", "description": "", "created_at": "2016-05-15 09:57:21", "updated_at": "2021-05-20 23:37:46"}, {"id": 13, "name": "Sports Gear", "description": "", "created_at": "2003-05-05 13:08:25", "updated_at": "2017-09-28 23:33:48"}, {"id": 14, "name": "Outdoor Equipment", "description": "", "created_at": "1987-02-15 08:26:22", "updated_at": "2018-05-02 11:46:21"}, {"id": 15, "name": "Health & Wellness", "description": "", "created_at": "2003-08-25 18:14:09", "updated_at": "2004-01-07 11:54:53"}, {"id": 16, "name": "Beauty Products", "description": "", "created_at": "1984-05-24 03:01:11", "updated_at": "2006-04-24 12:37:36"}, {"id": 17, "name": "Personal Care", "description": "", "created_at": "2020-04-22 07:07:12", "updated_at": "2021-03-08 14:48:38"}, {"id": 18, "name": "Groceries", "description": "", "created_at": "1981-09-15 09:10:55", "updated_at": "2004-04-12 16:03:22"}, {"id": 19, "name": "Beverages", "description": "", "created_at": "2007-01-19 00:14:32", "updated_at": "2012-10-30 03:13:09"}, {"id": 20, "name": "Snacks & Confectionery", "description": "", "created_at": "1986-09-17 06:51:16", "updated_at": "1999-11-12 14:53:03"}, {"id": 21, "name": "Pet Care", "description": "", "created_at": "1998-12-15 03:23:09", "updated_at": "2020-11-06 01:29:00"}, {"id": 22, "name": "Baby Essentials", "description": "", "created_at": "1990-07-04 06:57:08", "updated_at": "2007-06-21 20:26:33"}, {"id": 23, "name": "Automotive Parts", "description": "", "created_at": "2023-05-04 17:46:30", "updated_at": "2024-02-12 23:42:59"}, {"id": 24, "name": "Tools & Hardware", "description": "", "created_at": "2019-10-02 16:30:31", "updated_at": "2021-01-29 00:14:53"}, {"id": 25, "name": "Gardening Supplies", "description": "", "created_at": "1991-05-29 15:13:56", "updated_at": "1992-09-05 15:57:19"}, {"id": 26, "name": "Office Equipment", "description": "", "created_at": "1993-02-03 20:25:46", "updated_at": "1995-06-07 23:15:17"}, {"id": 27, "name": "Cleaning Products", "description": "", "created_at": "1985-12-23 09:38:10", "updated_at": "2013-07-31 16:21:06"}, {"id": 28, "name": "Party Supplies", "description": "", "created_at": "1994-08-22 15:42:23", "updated_at": "1995-03-14 15:43:02"}, {"id": 29, "name": "Craft Materials", "description": "", "created_at": "2019-09-10 00:13:23", "updated_at": "2022-09-29 18:17:21"}, {"id": 30, "name": "Art Supplies", "description": "", "created_at": "1997-06-14 15:50:56", "updated_at": "1998-11-17 02:05:09"}, {"id": 31, "name": "Jewelry & Watches", "description": "", "created_at": "1971-10-14 07:58:23", "updated_at": "1990-10-28 16:18:24"}, {"id": 32, "name": "Bags & Luggage", "description": "", "created_at": "2008-07-18 04:55:41", "updated_at": "2012-05-13 16:07:55"}, {"id": 33, "name": "Travel Accessories", "description": "", "created_at": "2000-01-29 17:13:58", "updated_at": "2004-09-30 15:55:22"}, {"id": 34, "name": "Fitness Equipment", "description": "", "created_at": "1990-01-18 11:35:40", "updated_at": "2009-05-24 17:43:27"}, {"id": 35, "name": "Medical Supplies", "description": "", "created_at": "1973-11-05 14:00:29", "updated_at": "2009-12-18 18:03:57"}, {"id": 36, "name": "Safety Gear", "description": "", "created_at": "2006-11-28 04:13:15", "updated_at": "2007-03-29 10:54:57"}, {"id": 37, "name": "Building Materials", "description": "", "created_at": "1987-03-10 10:45:41", "updated_at": "1992-03-23 06:56:14"}, {"id": 38, "name": "Plumbing Supplies", "description": "", "created_at": "1989-08-01 06:30:42", "updated_at": "2004-06-30 12:42:51"}, {"id": 39, "name": "Electrical Components", "description": "", "created_at": "1994-06-30 09:21:59", "updated_at": "1996-12-24 22:20:42"}, {"id": 40, "name": "Lighting Solutions", "description": "", "created_at": "1993-07-19 11:16:48", "updated_at": "2021-11-26 16:29:28"}, {"id": 41, "name": "HVAC Systems", "description": "", "created_at": "1977-05-19 16:38:12", "updated_at": "2002-07-20 16:33:38"}, {"id": 42, "name": "Paint & Coatings", "description": "", "created_at": "1989-11-20 00:33:53", "updated_at": "2019-07-06 23:53:06"}, {"id": 43, "name": "Hardware & Fasteners", "description": "", "created_at": "1973-10-24 01:41:42", "updated_at": "2019-02-10 12:40:38"}, {"id": 44, "name": "Adhesives & Sealants", "description": "", "created_at": "2016-11-15 18:13:47", "updated_at": "2023-10-13 06:05:27"}, {"id": 45, "name": "Lubricants", "description": "", "created_at": "1989-09-22 02:33:54", "updated_at": "2010-10-01 07:08:42"}, {"id": 46, "name": "Packaging Materials", "description": "", "created_at": "1973-06-23 11:25:25", "updated_at": "2013-06-04 10:42:44"}, {"id": 47, "name": "Shipping Supplies", "description": "", "created_at": "2016-10-12 14:11:00", "updated_at": "2023-01-04 13:40:28"}, {"id": 48, "name": "Industrial Equipment", "description": "", "created_at": "2014-02-15 22:03:49", "updated_at": "2019-10-28 05:10:36"}, {"id": 49, "name": "Machinery", "description": "", "created_at": "1999-04-26 00:09:04", "updated_at": "2008-05-22 22:21:28"}, {"id": 50, "name": "Agricultural Tools", "description": "", "created_at": "1981-03-21 09:04:37", "updated_at": "2009-05-22 13:44:32"}, {"id": 51, "name": "Livestock Supplies", "description": "", "created_at": "1970-10-02 22:10:14", "updated_at": "2006-01-07 07:04:13"}, {"id": 52, "name": "Fishing Equipment", "description": "", "created_at": "1993-10-05 05:48:24", "updated_at": "1997-12-04 17:31:11"}, {"id": 53, "name": "Hunting Gear", "description": "", "created_at": "1978-07-03 22:42:45", "updated_at": "2019-02-16 12:14:48"}, {"id": 54, "name": "Camping Gear", "description": "", "created_at": "2009-08-27 00:54:30", "updated_at": "2012-01-18 10:14:41"}, {"id": 55, "name": "Cycling Equipment", "description": "", "created_at": "2006-10-17 14:29:56", "updated_at": "2014-06-23 13:16:48"}, {"id": 56, "name": "Motorcycle Accessories", "description": "", "created_at": "2001-11-29 13:34:35", "updated_at": "2015-10-04 05:27:29"}, {"id": 57, "name": "Marine Supplies", "description": "", "created_at": "2008-06-06 19:01:39", "updated_at": "2022-12-10 15:05:08"}, {"id": 58, "name": "Aviation Supplies", "description": "", "created_at": "1996-10-07 03:36:35", "updated_at": "2007-05-31 17:39:59"}, {"id": 59, "name": "Railroad Equipment", "description": "", "created_at": "1998-10-04 13:35:25", "updated_at": "2023-12-27 21:12:05"}, {"id": 60, "name": "Construction Tools", "description": "", "created_at": "1990-08-15 02:37:36", "updated_at": "2010-01-11 11:58:00"}, {"id": 61, "name": "Mining Equipment", "description": "", "created_at": "1979-09-08 17:13:59", "updated_at": "1995-02-15 16:01:32"}, {"id": 62, "name": "Forestry Tools", "description": "", "created_at": "1993-06-26 13:33:05", "updated_at": "2014-07-21 14:10:32"}, {"id": 63, "name": "Oil & Gas Equipment", "description": "", "created_at": "2004-03-20 03:58:52", "updated_at": "2023-08-23 01:47:39"}, {"id": 64, "name": "Renewable Energy Solutions", "description": "", "created_at": "1976-11-01 06:31:38", "updated_at": "2018-10-14 08:44:33"}, {"id": 65, "name": "Laboratory Equipment", "description": "", "created_at": "2022-11-17 12:31:18", "updated_at": "2023-10-01 13:47:03"}, {"id": 66, "name": "Scientific Instruments", "description": "", "created_at": "2016-07-07 18:46:30", "updated_at": "2022-02-16 14:46:35"}, {"id": 67, "name": "Educational Supplies", "description": "", "created_at": "1974-01-20 16:49:19", "updated_at": "1979-09-03 10:10:04"}, {"id": 68, "name": "Musical Instruments", "description": "", "created_at": "2021-12-25 00:04:18", "updated_at": "2022-06-06 08:25:14"}, {"id": 69, "name": "Sound Equipment", "description": "", "created_at": "2008-08-30 15:47:48", "updated_at": "2020-09-23 15:41:24"}, {"id": 70, "name": "Recording Gear", "description": "", "created_at": "2013-09-17 09:30:10", "updated_at": "2019-08-12 09:51:02"}, {"id": 71, "name": "Broadcast Equipment", "description": "", "created_at": "1988-03-13 02:15:17", "updated_at": "2007-12-05 03:58:50"}, {"id": 72, "name": "Photography Gear", "description": "", "created_at": "2007-10-01 22:09:27", "updated_at": "2024-02-17 00:03:21"}, {"id": 73, "name": "Video Equipment", "description": "", "created_at": "1992-04-17 09:57:11", "updated_at": "2024-03-04 13:49:41"}, {"id": 74, "name": "Surveillance Systems", "description": "", "created_at": "2009-10-09 05:31:07", "updated_at": "2017-09-18 06:27:04"}, {"id": 75, "name": "Security Solutions", "description": "", "created_at": "2017-06-22 04:43:44", "updated_at": "2020-01-07 08:10:17"}, {"id": 76, "name": "Fire Safety Equipment", "description": "", "created_at": "2015-09-08 10:47:11", "updated_at": "2018-08-24 08:35:22"}, {"id": 77, "name": "Emergency Supplies", "description": "", "created_at": "1973-06-13 19:46:05", "updated_at": "2021-05-25 12:36:23"}, {"id": 78, "name": "Disaster Preparedness", "description": "", "created_at": "1978-04-19 11:13:08", "updated_at": "1979-01-23 19:54:46"}, {"id": 79, "name": "Military Gear", "description": "", "created_at": "2013-07-16 22:12:13", "updated_at": "2020-11-04 10:18:40"}, {"id": 80, "name": "Law Enforcement Equipment", "description": "", "created_at": "1982-10-17 21:27:58", "updated_at": "2012-04-17 13:02:20"}, {"id": 81, "name": "Correctional Supplies", "description": "", "created_at": "2003-05-16 14:24:22", "updated_at": "2024-02-20 19:52:19"}, {"id": 82, "name": "Judicial Supplies", "description": "", "created_at": "2012-10-21 15:11:58", "updated_at": "2024-06-17 15:58:03"}, {"id": 83, "name": "Government Supplies", "description": "", "created_at": "1980-03-06 21:26:29", "updated_at": "1985-03-07 19:16:28"}, {"id": 84, "name": "Public Safety Equipment", "description": "", "created_at": "2003-11-30 05:48:16", "updated_at": "2021-07-09 10:30:11"}, {"id": 85, "name": "Transportation Equipment", "description": "", "created_at": "2002-09-03 04:29:06", "updated_at": "2022-08-12 07:38:40"}, {"id": 86, "name": "Logistics Solutions", "description": "", "created_at": "1974-07-29 09:10:09", "updated_at": "1984-09-29 02:44:29"}, {"id": 87, "name": "Warehousing Equipment", "description": "", "created_at": "1996-03-06 01:18:48", "updated_at": "2006-03-19 14:18:54"}, {"id": 88, "name": "Material Handling Tools", "description": "", "created_at": "1989-09-14 05:10:12", "updated_at": "2008-08-10 18:55:14"}, {"id": 89, "name": "Packaging Equipment", "description": "", "created_at": "1998-02-01 22:37:16", "updated_at": "2014-04-01 12:31:28"}, {"id": 90, "name": "Printing Supplies", "description": "", "created_at": "1990-10-13 08:50:11", "updated_at": "2023-05-15 07:06:50"}, {"id": 91, "name": "Publishing Materials", "description": "", "created_at": "1982-08-18 15:40:19", "updated_at": "2009-05-13 15:29:24"}, {"id": 92, "name": "Advertising Supplies", "description": "", "created_at": "2013-04-19 02:10:02", "updated_at": "2018-06-29 21:10:30"}, {"id": 93, "name": "Promotional Items", "description": "", "created_at": "1997-12-16 19:22:36", "updated_at": "2021-08-08 00:36:20"}, {"id": 94, "name": "Event Supplies", "description": "", "created_at": "2015-03-10 09:05:27", "updated_at": "2023-05-10 13:45:20"}, {"id": 95, "name": "Exhibition Equipment", "description": "", "created_at": "2024-07-26 06:18:08", "updated_at": "2024-08-09 18:49:42"}, {"id": 96, "name": "Trade Show Supplies", "description": "", "created_at": "2007-12-31 10:48:06", "updated_at": "2023-08-22 06:43:47"}]